COD_HOSPITAL,year,n_cases,total_bed_days,mean_los,mean_drg_weight,complexity_weighted_cases,total_transfers,aggregate_caei,episode_caei_mean
101100,2019,136,1463.0,10.757352941176471,1.238808823529412,168.478,21,8.683626348840798,8.250524778884074
101100,2020,143,1346.0,9.412587412587413,1.361974125874126,194.7623,35,6.910988420243548,7.26102885716046
101100,2021,157,1481.0,9.433121019108281,1.4258668789808917,223.8611,19,6.615709473419009,6.57781302145448
101100,2022,335,3136.0,9.361194029850747,1.273339104477612,426.5686,62,7.3516897399386645,7.858315513134351
102100,2019,151,2259.0,14.960264900662251,1.337956953642384,202.0315,54,11.181424678824836,12.642030375288607
102100,2020,160,2301.0,14.38125,1.269021875,203.0435,42,11.332546966536727,12.941188195671824
102100,2021,168,3382.0,20.13095238095238,1.3834315476190477,232.4165,114,14.551462568277207,15.140370847598351
102100,2022,190,3320.0,17.473684210526315,1.5135089473684211,287.5667,127,11.545147612710371,13.142211244362386
103100,2019,445,7424.0,16.68314606741573,2.271485168539326,1010.8109,235,7.344598282428494,9.612785158374944
103100,2020,212,3499.0,16.504716981132077,3.3005202830188676,699.7103,199,5.000640979559685,5.988415665727654
103100,2021,271,4557.0,16.81549815498155,3.4588649446494464,937.3524,345,4.861565404857341,4.982503250411692
103100,2022,236,3773.0,15.98728813559322,3.3828656779661017,798.3563,319,4.725960075720577,4.902375461440743
104100,2019,16,310.0,19.375,1.3505812499999998,21.609299999999998,8,14.345675241678354,19.412017273924306
104100,2020,20,218.0,10.9,1.19739,23.9478,16,9.103132646840212,14.01597194852329
104100,2021,13,133.0,10.23076923076923,1.4166076923076925,18.4159,2,7.222020102194298,7.799419632394149
105100,2019,48,854.0,17.791666666666668,1.8081020833333332,86.7889,20,9.83996801434285,14.007970565405406
105100,2020,89,1451.0,16.303370786516854,1.689079775280899,150.3281,25,9.652220709235332,11.191161540390498
105100,2021,151,2762.0,18.29139072847682,1.6703344370860929,252.22050000000002,60,10.950735566696599,12.208087663233474
105100,2022,262,5834.0,22.267175572519083,1.6931164122137403,443.5965,73,13.151591592810133,15.786660410486055
105101,2019,102,692.0,6.784313725490196,1.5086872549019608,153.8861,39,4.496832397467998,4.911517374127494
105101,2020,45,481.0,10.688888888888888,1.9399133333333332,87.2961,25,5.5099826910938745,5.395283092754414
105101,2021,111,1157.0,10.423423423423424,1.8738855855855854,208.0013,79,5.562465234592285,5.459012197617745
105101,2022,132,1356.0,10.272727272727273,1.6595469696969696,219.06019999999998,64,6.190079256752254,6.548502802442487
105102,2019,31,421.0,13.580645161290322,1.2261193548387097,38.0097,1,11.076120043041644,14.438609222206583
105102,2020,27,185.0,6.851851851851852,1.5675074074074073,42.3227,3,4.371176697138888,4.849415351683992
105102,2021,55,888.0,16.145454545454545,1.3245345454545454,72.8494,40,12.189530730520772,15.056920162823111
105102,2022,70,1203.0,17.185714285714287,1.5054228571428572,105.3796,25,11.41587176265615,13.454008859353554
106102,2019,623,7702.0,12.362760834670947,1.4684157303370786,914.823,311,8.419114954477534,9.864841287692537
106102,2020,441,5222.0,11.841269841269842,1.641051700680272,723.7038,254,7.215659224119039,8.14992540315271
106102,2021,531,5924.0,11.156308851224106,1.5629564971751413,829.9299,165,7.1379522535578,8.305025164517366
106102,2022,514,7498.0,14.587548638132295,1.595659727626459,820.1691,214,9.142017176701732,10.596549910961357
107100,2019,1466,14395.0,9.819236016371077,2.751113574351978,4033.1325,1214,3.569185986327005,4.349475331741908
107100,2020,1230,14171.0,11.521138211382114,2.6703656097560975,3284.5497,1095,4.314442250637888,5.124834354293881
107100,2021,1344,16499.0,12.276041666666666,2.8552758184523808,3837.4907,1231,4.299424100232999,5.120197279133177
107100,2022,1480,21599.0,14.593918918918918,2.6900879054054054,3981.3301,1322,5.425071385062997,5.661378224514943
107101,2019,49,512.0,10.448979591836734,1.0462938775510204,51.2684,3,9.986658448478984,10.47012428617483
107101,2020,33,341.0,10.333333333333334,1.2392939393939395,40.8967,9,8.338081067665605,10.745921748135148
107101,2021,21,360.0,17.142857142857142,1.6832571428571428,35.3484,5,10.184336490477646,10.384381579340632
107102,2019,242,3459.0,14.293388429752065,1.2415202479338843,300.4479,50,11.512811372620677,11.926184463698451
107102,2020,155,2282.0,14.72258064516129,1.2085716129032258,187.3286,37,12.18180245835393,12.95295597959449
107102,2021,122,2070.0,16.9672131147541,1.1467147540983607,139.8992,42,14.796367670437,15.554328791381595
107102,2022,153,4137.0,27.03921568627451,1.4913830065359477,228.1816,74,18.130296220203558,17.257091241632985
109100,2019,627,7698.0,12.277511961722489,1.2458108452950558,781.1234000000001,219,9.855036989034,10.637218956802055
109100,2020,530,6518.0,12.29811320754717,1.2808135849056603,678.8312,183,9.601797913826,11.581835380351372
109100,2021,506,7405.0,14.634387351778656,1.4603284584980236,738.9262,292,10.021298473379344,11.328189244847842
109100,2022,644,9833.0,15.26863354037267,1.5839754658385092,1020.0802,310,9.639438153980443,10.86424661758092
109101,2019,256,3638.0,14.2109375,5.058983984375,1295.0999,377,2.8090497111458355,2.756593646883576
109101,2020,263,4257.0,16.186311787072242,5.47520608365019,1439.9792,405,2.9562927020056957,2.6092361127462826
109101,2021,251,3561.0,14.187250996015937,4.908022709163347,1231.9137,339,2.8906245624186178,2.6051200614526064
109101,2022,203,2492.0,12.275862068965518,5.264802955665025,1068.755,211,2.331684997964922,2.358908561686215
110100,2019,465,8254.0,17.7505376344086,2.4901208602150535,1157.9062,567,7.1283839744531985,9.460914763742297
110100,2020,289,4111.0,14.22491349480969,3.2488290657439447,938.9116,385,4.378473969221384,5.377849682260832
110100,2021,465,8758.0,18.83440860215054,3.3419167741935483,1553.9913,511,5.6358101876117335,7.4234503115991695
110100,2022,767,12662.0,16.508474576271187,2.9083783572359843,2230.7262,796,5.676178457042375,7.6728943416438895
110120,2019,73,180.0,2.4657534246575343,1.2016931506849315,87.7236,24,2.0518993748546572,2.1423907782263707
110120,2020,67,1123.0,16.761194029850746,1.5092149253731344,101.1174,24,11.105902643857535,11.68898610470945
110120,2021,90,1454.0,16.155555555555555,1.37429,123.68610000000001,18,11.755565095835344,11.115606941049231
110120,2022,145,1937.0,13.358620689655172,1.3515475862068966,195.9744,38,9.883944025342085,10.486677185980106
111100,2019,1093,12147.0,11.11344922232388,2.1419057639524244,2341.103,881,5.188579912972647,6.229362059658324
111100,2020,803,8251.0,10.275217932752179,2.217538605230386,1780.6834999999999,927,4.633614002713003,5.239375808021286
111100,2021,289,3344.0,11.570934256055363,1.988160899653979,574.5785,111,5.819918427160084,7.03017618388933
111100,2022,463,5878.0,12.695464362850972,2.4183719222462203,1119.7062,122,5.249591366020836,7.166338306636463
111101,2019,289,4945.0,17.110726643598618,1.5296543252595156,442.0701,65,11.186008734813779,11.600369238647732
111101,2020,282,4269.0,15.138297872340425,1.5218656028368795,429.16610000000003,42,9.947197600183237,11.38440862084542
111101,2021,455,8210.0,18.043956043956044,1.7682052747252748,804.5334,107,10.204672671140813,11.503570405850107
111101,2022,466,8719.0,18.71030042918455,2.0195,941.087,119,9.264818236783634,9.698898767498155
111195,2021,65,932.0,14.338461538461539,3.933833846153846,255.6992,86,3.6449077666257854,3.9892249677250327
111195,2022,10,96.0,9.6,2.01468,20.1468,4,4.765024718565728,4.808694644387279
112100,2019,879,6331.0,7.202502844141069,1.147885210466439,1008.9911,340,6.274584582559748,5.988953873068259
112100,2020,577,4341.0,7.523396880415945,1.3107476603119586,756.3014000000001,342,5.7397751742889795,5.615384768266469
112100,2021,483,4126.0,8.542443064182194,1.3904115942028985,671.5688,237,6.143823238959285,6.460567534138998
112100,2022,548,3943.0,7.195255474452555,1.3995052919708029,766.9289,196,5.141284935278877,5.504554914565176
112102,2019,306,5099.0,16.663398692810457,4.967945424836601,1520.1913,463,3.354183121558451,3.157586027083457
112102,2020,259,5318.0,20.53281853281853,5.340217760617761,1383.1164,485,3.844940310157554,3.5012127451547572
112102,2021,307,5403.0,17.599348534201955,4.917107166123778,1509.5519,466,3.5792078430691916,3.39196248789568
112102,2022,253,4372.0,17.280632411067195,5.182187351778656,1311.0934,376,3.334621316833721,3.0389408916909515
112103,2019,1249,14520.0,11.625300240192153,3.1531951961569256,3938.3408,2074,3.686831774436585,4.164172399226443
112103,2020,666,10464.0,15.711711711711711,3.732308258258258,2485.7173,1485,4.209650067608251,4.8565121849262844
112103,2021,790,10711.0,13.558227848101266,3.5483553164556962,2803.2007,1556,3.8209893426467825,4.312141208904818
112103,2022,898,11864.0,13.211581291759465,3.570970601336303,3206.7316,2041,3.699717182442085,4.04707571249677
113100,2019,218,2387.0,10.94954128440367,1.403708256880734,306.0084,308,7.800439465060436,8.78040019832928
113100,2020,146,1709.0,11.705479452054794,1.4680034246575342,214.3285,189,7.973741242998481,9.381992004511671
113100,2021,370,4546.0,12.286486486486487,1.5393481081081082,569.5588,286,7.981616647833375,8.247109668804809
113100,2022,511,7538.0,14.75146771037182,1.5364068493150687,785.1039000000001,298,9.601276977480305,10.92684732638618
114101,2019,443,5544.0,12.514672686230249,3.2550489841986456,1441.9867,453,3.8446956549599243,3.691882324711744
114101,2020,379,3942.0,10.401055408970976,3.44204327176781,1304.5344,298,3.021767766338703,3.020874689571697
114101,2021,441,5018.0,11.378684807256235,3.6266650793650794,1599.3593,440,3.1375063752091226,2.907298960252171
114101,2022,495,6070.0,12.262626262626263,3.4808513131313132,1723.0214,418,3.52288137570433,3.1785661393440128
114105,2019,81,987.0,12.185185185185185,1.4701814814814815,119.0847,32,8.28821838573721,9.50191096023533
114105,2020,59,869.0,14.728813559322035,1.907628813559322,112.5501,22,7.721006023095493,9.435348926810548
114105,2021,91,1154.0,12.68131868131868,1.9023054945054947,173.1098,34,6.66628925687627,8.366513051762812
114105,2022,38,541.0,14.236842105263158,2.1331026315789474,81.0579,18,6.67424149897789,8.163915357196714
115100,2019,78,949.0,12.166666666666666,1.448548717948718,112.9868,43,8.399211235294741,9.280794408965722
115100,2020,116,1131.0,9.75,1.7257224137931033,200.1838,70,5.649807826607348,6.400672450359975
115100,2021,83,1028.0,12.385542168674698,1.889112048192771,156.7963,70,6.556277157050262,7.547463317028163
115100,2022,75,1315.0,17.533333333333335,1.9809973333333335,148.5748,56,8.850760694276554,11.290839597571287
116100,2019,356,3589.0,10.081460674157304,0.982052808988764,349.6108,27,10.265701173991193,10.686609410788517
116100,2020,281,3086.0,10.982206405693951,1.3553448398576513,380.8519,43,8.10288723779506,9.116302575202983
116100,2021,232,2947.0,12.702586206896552,1.4031797413793106,325.53770000000003,31,9.052714939007062,11.139678904236066
116100,2022,255,4150.0,16.274509803921568,1.4751211764705883,376.15590000000003,88,11.032659596725718,11.760760021028128
116105,2019,678,8229.0,12.13716814159292,1.4577665191740412,988.3657,265,8.325865618363729,9.17647219678989
116105,2020,555,8137.0,14.661261261261261,1.5387428828828829,854.0023,205,9.528077383398148,10.432191928687317
116105,2021,551,8725.0,15.834845735027223,1.6274194192377496,896.7081000000001,234,9.730033664243692,10.742740931762427
116105,2022,709,8760.0,12.355430183356841,1.5006413258110014,1063.9547,234,8.233433246735036,8.819095895007258
118100,2019,2364,22710.0,9.606598984771574,1.8885254230118445,4464.4741,1378,5.086825344109399,5.897897717734006
118100,2020,1828,19509.0,10.672319474835886,2.138262636761488,3908.7441,1188,4.991117223560376,6.4070194262490965
118100,2021,2225,23576.0,10.595955056179776,2.1811798651685397,4853.1252,1435,4.857900636892697,5.814310227389802
118100,2022,2104,24424.0,11.608365019011407,2.253952946768061,4742.317,1296,5.150225090393578,6.824894154060273
119100,2019,639,5382.0,8.422535211267606,2.6088388106416276,1667.048,837,3.2284613280481427,4.09507994028006
119100,2020,354,2698.0,7.621468926553672,2.4724850282485873,875.2597,318,3.0825136813679417,3.8577526980895374
119100,2021,345,2772.0,8.034782608695652,2.7180872463768115,937.7401,321,2.956042937696703,4.286772217915137
119100,2022,666,7051.0,10.587087087087086,2.5189384384384383,1677.613,797,4.202995565723441,6.0015172887905175
120101,2019,52,276.0,5.3076923076923075,1.1986192307692307,62.3282,5,4.428172159632398,4.642515094883451
120101,2020,186,1979.0,10.63978494623656,1.506577419354839,280.2234,37,7.062222498192513,7.548315694751841
120101,2021,310,2966.0,9.567741935483872,1.4417251612903226,446.9348,29,6.636314737630634,7.199123437962399
121109,2019,1043,13163.0,12.62032598274209,2.514792042186002,2622.9281,1251,5.018437219075886,5.567833723238424
121109,2020,445,6877.0,15.453932584269664,3.023520224719101,1345.4665,698,5.111238369740161,6.215798454746369
121109,2021,362,10609.0,29.306629834254142,3.5952842541436465,1301.4929,792,8.151408278908013,12.320863379202244
121109,2022,598,16696.0,27.91973244147157,3.603741973244147,2155.0377,1245,7.747428270048362,11.05440489775543
121110,2019,453,571.0,1.260485651214128,0.9518891832229579,431.20579999999995,0,1.3241936912722418,1.569995965051099
121110,2020,51,51.0,1.0,1.5865156862745098,80.9123,0,0.6303120786332856,0.6497586274150268
121110,2022,12,96.0,8.0,1.0050666666666668,12.0608,0,7.959671000265321,4.993949376930209
121114,2019,48,48.0,1.0,0.5791,27.796799999999998,0,1.7268174753928511,1.7268174753928511
121117,2019,276,672.0,2.4347826086956523,0.6660576086956521,183.8319,2,3.655513542535328,2.787706136350548
121117,2020,96,981.0,10.21875,1.1187520833333333,107.4002,0,9.134061202865544,9.110548981605708
121117,2021,46,859.0,18.67391304347826,1.1915695652173914,54.812200000000004,1,15.671693528083162,15.85478246038424
121117,2022,46,823.0,17.891304347826086,1.1881913043478263,54.656800000000004,0,15.057595761186162,16.14805968467743
122100,2019,15,23.0,1.5333333333333334,1.02646,15.396899999999999,2,1.4938071949548288,2.439719731843959
123100,2020,10,329.0,32.9,1.86302,18.6302,5,17.659499092870714,18.4392460617891
123100,2021,480,4439.0,9.247916666666667,1.3501527083333333,648.0733,151,6.849533841310852,7.501550834036723
123100,2022,751,5680.0,7.563249001331558,1.402682689747004,1053.4147,106,5.391988549238966,5.830097462775576
124105,2019,66,219.0,3.3181818181818183,1.5454696969696968,102.00099999999999,7,2.1470377741394695,3.253407694329916
124105,2020,107,1654.0,15.457943925233645,1.5091065420560748,161.4744,68,10.243109743711697,12.110181862396729
124105,2021,236,5016.0,21.25423728813559,1.659178813559322,391.5662,173,12.810094436138767,13.959575334622885
124105,2022,194,3126.0,16.11340206185567,1.6773247422680413,325.401,77,9.606608461559736,10.440605902216253
125100,2019,21,74.0,3.5238095238095237,1.6575142857142857,34.8078,4,2.125960273272083,2.0136125253895507
125100,2020,32,84.0,2.625,1.800728125,57.6233,7,1.4577436557781314,1.680922720938043
125100,2021,13,40.0,3.076923076923077,1.7466615384615383,22.706599999999998,3,1.7616023535007446,1.702973621401909
125100,2022,21,34.0,1.619047619047619,1.8261285714285715,38.3487,2,0.8866011103375081,0.8082324726211513
126100,2019,300,4597.0,15.323333333333334,1.5800696666666667,474.0209,148,9.697884629137661,10.311389640341043
126100,2020,194,3061.0,15.778350515463918,1.489037113402062,288.8732,92,10.596344693796448,10.245533440286872
126100,2021,239,4165.0,17.426778242677823,1.4983251046025103,358.0997,83,11.63083912106042,10.831586698779308
126100,2022,253,4576.0,18.08695652173913,1.4045296442687747,355.346,105,12.877589729446791,12.57468327034192
129100,2020,19,104.0,5.473684210526316,1.5395842105263158,29.2521,3,3.5553003032260935,4.630097517398821
129100,2021,48,489.0,10.1875,1.7791708333333334,85.4002,35,5.725981906365559,6.136943797532457
129100,2022,30,336.0,11.2,1.72116,51.6348,18,6.507239303725394,8.677335959070378
129106,2019,46,122.0,2.652173913043478,0.9185043478260869,42.2512,5,2.8874919528912786,2.920202745194787
129106,2020,13,72.0,5.538461538461538,1.196646153846154,15.5564,4,4.628320176904682,3.4853612644573704
129106,2021,13,37.0,2.8461538461538463,1.1648615384615384,15.1432,0,2.4433409054889323,2.490829928970072
