COD_HOSPITAL,year,n_cases,mean_los,mean_drg_weight,aggregate_caei,dea_input_vrs_score,dea_model
101100,2019,136,10.757352941176471,1.238808823529412,8.683626348840798,0.15362104468580517,input_vrs_inputs_bed_days_transfers_outputs_cases_complexity
102100,2019,151,14.960264900662251,1.337956953642384,11.181424678824836,0.11906515531923476,input_vrs_inputs_bed_days_transfers_outputs_cases_complexity
103100,2019,445,16.68314606741573,2.271485168539326,7.344598282428494,0.8312815700978012,input_vrs_inputs_bed_days_transfers_outputs_cases_complexity
104100,2019,16,19.375,1.3505812499999998,14.345675241678354,0.11707317073170728,input_vrs_inputs_bed_days_transfers_outputs_cases_complexity
105100,2019,48,17.791666666666668,1.8081020833333332,9.83996801434285,0.13710591645452905,input_vrs_inputs_bed_days_transfers_outputs_cases_complexity
105101,2019,102,6.784313725490196,1.5086872549019608,4.496832397467998,0.2969894972331504,input_vrs_inputs_bed_days_transfers_outputs_cases_complexity
105102,2019,31,13.580645161290322,1.2261193548387097,11.076120043041644,0.14393885823007496,input_vrs_inputs_bed_days_transfers_outputs_cases_complexity
106102,2019,623,12.362760834670947,1.4684157303370786,8.419114954477534,0.5267332549360826,input_vrs_inputs_bed_days_transfers_outputs_cases_complexity
107100,2019,1466,9.819236016371077,2.751113574351978,3.569185986327005,0.9999999999999999,input_vrs_inputs_bed_days_transfers_outputs_cases_complexity
107101,2019,49,10.448979591836734,1.0462938775510204,9.986658448478984,0.1492802405558893,input_vrs_inputs_bed_days_transfers_outputs_cases_complexity
107102,2019,242,14.293388429752065,1.2415202479338843,11.512811372620677,0.1152565624549013,input_vrs_inputs_bed_days_transfers_outputs_cases_complexity
109100,2019,627,12.277511961722489,1.2458108452950558,9.855036989034,0.5729195787904198,input_vrs_inputs_bed_days_transfers_outputs_cases_complexity
109101,2019,256,14.2109375,5.058983984375,2.8090497111458355,0.9999999999999999,input_vrs_inputs_bed_days_transfers_outputs_cases_complexity
110100,2019,465,17.7505376344086,2.4901208602150535,7.1283839744531985,0.43197255632752074,input_vrs_inputs_bed_days_transfers_outputs_cases_complexity
110120,2019,73,2.4657534246575343,1.2016931506849315,2.0518993748546572,0.6573350335267526,input_vrs_inputs_bed_days_transfers_outputs_cases_complexity
111100,2019,1093,11.11344922232388,2.1419057639524244,5.188579912972647,0.7334633899253807,input_vrs_inputs_bed_days_transfers_outputs_cases_complexity
111101,2019,289,17.110726643598618,1.5296543252595156,11.186008734813779,0.12327006626446148,input_vrs_inputs_bed_days_transfers_outputs_cases_complexity
112100,2019,879,7.202502844141069,1.147885210466439,6.274584582559748,0.9034813925570216,input_vrs_inputs_bed_days_transfers_outputs_cases_complexity
112102,2019,306,16.663398692810457,4.967945424836601,3.354183121558451,0.9027217195825925,input_vrs_inputs_bed_days_transfers_outputs_cases_complexity
112103,2019,1249,11.625300240192153,3.1531951961569256,3.686831774436585,0.9657430224880323,input_vrs_inputs_bed_days_transfers_outputs_cases_complexity
113100,2019,218,10.94954128440367,1.403708256880734,7.800439465060436,0.1700882720452901,input_vrs_inputs_bed_days_transfers_outputs_cases_complexity
114101,2019,443,12.514672686230249,3.2550489841986456,3.8446956549599243,0.7930287455557006,input_vrs_inputs_bed_days_transfers_outputs_cases_complexity
114105,2019,81,12.185185185185185,1.4701814814814815,8.28821838573721,0.16175431694655248,input_vrs_inputs_bed_days_transfers_outputs_cases_complexity
115100,2019,78,12.166666666666666,1.448548717948718,8.399211235294741,0.15976291726139036,input_vrs_inputs_bed_days_transfers_outputs_cases_complexity
116100,2019,356,10.081460674157304,0.982052808988764,10.265701173991193,0.12913482304273002,input_vrs_inputs_bed_days_transfers_outputs_cases_complexity
116105,2019,678,12.13716814159292,1.4577665191740412,8.325865618363729,0.7148064169727304,input_vrs_inputs_bed_days_transfers_outputs_cases_complexity
118100,2019,2364,9.606598984771574,1.8885254230118445,5.086825344109399,1.0,input_vrs_inputs_bed_days_transfers_outputs_cases_complexity
119100,2019,639,8.422535211267606,2.6088388106416276,3.2284613280481427,0.9704218017310534,input_vrs_inputs_bed_days_transfers_outputs_cases_complexity
120101,2019,52,5.3076923076923075,1.1986192307692307,4.428172159632398,0.3109790526659091,input_vrs_inputs_bed_days_transfers_outputs_cases_complexity
121109,2019,1043,12.62032598274209,2.514792042186002,5.018437219075886,0.6812882835517974,input_vrs_inputs_bed_days_transfers_outputs_cases_complexity
121110,2019,453,1.260485651214128,0.9518891832229579,1.3241936912722418,1.0,input_vrs_inputs_bed_days_transfers_outputs_cases_complexity
121114,2019,48,1.0,0.5791,1.7268174753928511,1.0,input_vrs_inputs_bed_days_transfers_outputs_cases_complexity
121117,2019,276,2.4347826086956523,0.6660576086956521,3.655513542535328,0.5095679012345679,input_vrs_inputs_bed_days_transfers_outputs_cases_complexity
122100,2019,15,1.5333333333333334,1.02646,1.4938071949548288,0.9999999999999998,input_vrs_inputs_bed_days_transfers_outputs_cases_complexity
124105,2019,66,3.3181818181818183,1.5454696969696968,2.1470377741394695,0.626194879690139,input_vrs_inputs_bed_days_transfers_outputs_cases_complexity
125100,2019,21,3.5238095238095237,1.6575142857142857,2.125960273272083,0.6565118859532229,input_vrs_inputs_bed_days_transfers_outputs_cases_complexity
126100,2019,300,15.323333333333334,1.5800696666666667,9.697884629137661,0.15727699041499763,input_vrs_inputs_bed_days_transfers_outputs_cases_complexity
129106,2019,46,2.652173913043478,0.9185043478260869,2.8874919528912786,0.4882747497313437,input_vrs_inputs_bed_days_transfers_outputs_cases_complexity
101100,2020,143,9.412587412587413,1.361974125874126,6.910988420243548,0.8409438759087274,input_vrs_inputs_bed_days_transfers_outputs_cases_complexity
102100,2020,160,14.38125,1.269021875,11.332546966536727,0.6204021439842747,input_vrs_inputs_bed_days_transfers_outputs_cases_complexity
103100,2020,212,16.504716981132077,3.3005202830188676,5.000640979559685,0.7207809773986911,input_vrs_inputs_bed_days_transfers_outputs_cases_complexity
104100,2020,20,10.9,1.19739,9.103132646840212,0.23394495412844032,input_vrs_inputs_bed_days_transfers_outputs_cases_complexity
105100,2020,89,16.303370786516854,1.689079775280899,9.652220709235332,0.4533035132181573,input_vrs_inputs_bed_days_transfers_outputs_cases_complexity
105101,2020,45,10.688888888888888,1.9399133333333332,5.5099826910938745,0.14710269275463958,input_vrs_inputs_bed_days_transfers_outputs_cases_complexity
105102,2020,27,6.851851851851852,1.5675074074074073,4.371176697138888,0.27567567567567564,input_vrs_inputs_bed_days_transfers_outputs_cases_complexity
106102,2020,441,11.841269841269842,1.641051700680272,7.215659224119039,0.8025510580945965,input_vrs_inputs_bed_days_transfers_outputs_cases_complexity
107100,2020,1230,11.521138211382114,2.6703656097560975,4.314442250637888,0.999999999999999,input_vrs_inputs_bed_days_transfers_outputs_cases_complexity
107101,2020,33,10.333333333333334,1.2392939393939395,8.338081067665605,0.14956011730205282,input_vrs_inputs_bed_days_transfers_outputs_cases_complexity
107102,2020,155,14.72258064516129,1.2085716129032258,12.18180245835393,0.6089990001403418,input_vrs_inputs_bed_days_transfers_outputs_cases_complexity
109100,2020,530,12.29811320754717,1.2808135849056603,9.601797913826,1.0,input_vrs_inputs_bed_days_transfers_outputs_cases_complexity
109101,2020,263,16.186311787072242,5.47520608365019,2.9562927020056957,0.9999999999999917,input_vrs_inputs_bed_days_transfers_outputs_cases_complexity
110100,2020,289,14.22491349480969,3.2488290657439447,4.378473969221384,0.6786954257921443,input_vrs_inputs_bed_days_transfers_outputs_cases_complexity
110120,2020,67,16.761194029850746,1.5092149253731344,11.105902643857535,0.21289833620749185,input_vrs_inputs_bed_days_transfers_outputs_cases_complexity
111100,2020,803,10.275217932752179,2.217538605230386,4.633614002713003,0.9441100124901116,input_vrs_inputs_bed_days_transfers_outputs_cases_complexity
111101,2020,282,15.138297872340425,1.5218656028368795,9.947197600183237,0.9999999999999997,input_vrs_inputs_bed_days_transfers_outputs_cases_complexity
112100,2020,577,7.523396880415945,1.3107476603119586,5.7397751742889795,1.0,input_vrs_inputs_bed_days_transfers_outputs_cases_complexity
112102,2020,259,20.53281853281853,5.340217760617761,3.844940310157554,0.7714801661622905,input_vrs_inputs_bed_days_transfers_outputs_cases_complexity
112103,2020,666,15.711711711711711,3.732308258258258,4.209650067608251,0.943952710091198,input_vrs_inputs_bed_days_transfers_outputs_cases_complexity
113100,2020,146,11.705479452054794,1.4680034246575342,7.973741242998481,0.4861141332381054,input_vrs_inputs_bed_days_transfers_outputs_cases_complexity
114101,2020,379,10.401055408970976,3.44204327176781,3.021767766338703,1.0,input_vrs_inputs_bed_days_transfers_outputs_cases_complexity
114105,2020,59,14.728813559322035,1.907628813559322,7.721006023095493,0.2863954700987934,input_vrs_inputs_bed_days_transfers_outputs_cases_complexity
115100,2020,116,9.75,1.7257224137931033,5.649807826607348,0.6001712943115711,input_vrs_inputs_bed_days_transfers_outputs_cases_complexity
116100,2020,281,10.982206405693951,1.3553448398576513,8.10288723779506,1.0,input_vrs_inputs_bed_days_transfers_outputs_cases_complexity
116105,2020,555,14.661261261261261,1.5387428828828829,9.528077383398148,0.9999999999999993,input_vrs_inputs_bed_days_transfers_outputs_cases_complexity
118100,2020,1828,10.672319474835886,2.138262636761488,4.991117223560376,1.0,input_vrs_inputs_bed_days_transfers_outputs_cases_complexity
119100,2020,354,7.621468926553672,2.4724850282485873,3.0825136813679417,1.0,input_vrs_inputs_bed_days_transfers_outputs_cases_complexity
120101,2020,186,10.63978494623656,1.506577419354839,7.062222498192513,0.9110303534488939,input_vrs_inputs_bed_days_transfers_outputs_cases_complexity
121109,2020,445,15.453932584269664,3.023520224719101,5.111238369740161,0.646934681579016,input_vrs_inputs_bed_days_transfers_outputs_cases_complexity
121110,2020,51,1.0,1.5865156862745098,0.6303120786332856,1.0,input_vrs_inputs_bed_days_transfers_outputs_cases_complexity
121117,2020,96,10.21875,1.1187520833333333,9.134061202865544,1.0,input_vrs_inputs_bed_days_transfers_outputs_cases_complexity
123100,2020,10,32.9,1.86302,17.659499092870714,0.15501519756838905,input_vrs_inputs_bed_days_transfers_outputs_cases_complexity
124105,2020,107,15.457943925233645,1.5091065420560748,10.243109743711697,0.38668795451655064,input_vrs_inputs_bed_days_transfers_outputs_cases_complexity
125100,2020,32,2.625,1.800728125,1.4577436557781314,0.6071428571428569,input_vrs_inputs_bed_days_transfers_outputs_cases_complexity
126100,2020,194,15.778350515463918,1.489037113402062,10.596344693796448,0.5634479454781023,input_vrs_inputs_bed_days_transfers_outputs_cases_complexity
129100,2020,19,5.473684210526316,1.5395842105263158,3.5553003032260935,0.4903846153846153,input_vrs_inputs_bed_days_transfers_outputs_cases_complexity
129106,2020,13,5.538461538461538,1.196646153846154,4.628320176904682,0.7083333333333333,input_vrs_inputs_bed_days_transfers_outputs_cases_complexity
101100,2021,157,9.433121019108281,1.4258668789808917,6.615709473419009,0.975253088006354,input_vrs_inputs_bed_days_transfers_outputs_cases_complexity
102100,2021,168,20.13095238095238,1.3834315476190477,14.551462568277207,0.4339135428072221,input_vrs_inputs_bed_days_transfers_outputs_cases_complexity
103100,2021,271,16.81549815498155,3.4588649446494464,4.861565404857341,0.692092350827039,input_vrs_inputs_bed_days_transfers_outputs_cases_complexity
104100,2021,13,10.23076923076923,1.4166076923076925,7.222020102194298,0.36945516176025417,input_vrs_inputs_bed_days_transfers_outputs_cases_complexity
105100,2021,151,18.29139072847682,1.6703344370860929,10.950735566696599,0.509670034475417,input_vrs_inputs_bed_days_transfers_outputs_cases_complexity
105101,2021,111,10.423423423423424,1.8738855855855854,5.562465234592285,0.7702281922498212,input_vrs_inputs_bed_days_transfers_outputs_cases_complexity
105102,2021,55,16.145454545454545,1.3245345454545454,12.189530730520772,0.4618563212798229,input_vrs_inputs_bed_days_transfers_outputs_cases_complexity
106102,2021,531,11.156308851224106,1.5629564971751413,7.1379522535578,1.0,input_vrs_inputs_bed_days_transfers_outputs_cases_complexity
107100,2021,1344,12.276041666666666,2.8552758184523808,4.299424100232999,1.0,input_vrs_inputs_bed_days_transfers_outputs_cases_complexity
107101,2021,21,17.142857142857142,1.6832571428571428,10.184336490477646,0.4385096126709986,input_vrs_inputs_bed_days_transfers_outputs_cases_complexity
107102,2021,122,16.9672131147541,1.1467147540983607,14.796367670437,0.52162377628854,input_vrs_inputs_bed_days_transfers_outputs_cases_complexity
109100,2021,506,14.634387351778656,1.4603284584980236,10.021298473379344,0.6350389860857943,input_vrs_inputs_bed_days_transfers_outputs_cases_complexity
109101,2021,251,14.187250996015937,4.908022709163347,2.8906245624186178,0.9999999999999997,input_vrs_inputs_bed_days_transfers_outputs_cases_complexity
110100,2021,465,18.83440860215054,3.3419167741935483,5.6358101876117335,0.781111607430826,input_vrs_inputs_bed_days_transfers_outputs_cases_complexity
110120,2021,90,16.155555555555555,1.37429,11.755565095835344,0.5432677014835325,input_vrs_inputs_bed_days_transfers_outputs_cases_complexity
111100,2021,289,11.570934256055363,1.988160899653979,5.819918427160084,0.8558291998709215,input_vrs_inputs_bed_days_transfers_outputs_cases_complexity
111101,2021,455,18.043956043956044,1.7682052747252748,10.204672671140813,1.0,input_vrs_inputs_bed_days_transfers_outputs_cases_complexity
111195,2021,65,14.338461538461539,3.933833846153846,3.6449077666257854,0.7904363301192295,input_vrs_inputs_bed_days_transfers_outputs_cases_complexity
112100,2021,483,8.542443064182194,1.3904115942028985,6.143823238959285,1.0,input_vrs_inputs_bed_days_transfers_outputs_cases_complexity
112102,2021,307,17.599348534201955,4.917107166123778,3.5792078430691916,0.8826385880624289,input_vrs_inputs_bed_days_transfers_outputs_cases_complexity
112103,2021,790,13.558227848101266,3.5483553164556962,3.8209893426467825,1.0,input_vrs_inputs_bed_days_transfers_outputs_cases_complexity
113100,2021,370,12.286486486486487,1.5393481081081082,7.981616647833375,0.6883652140395276,input_vrs_inputs_bed_days_transfers_outputs_cases_complexity
114101,2021,441,11.378684807256235,3.6266650793650794,3.1375063752091226,1.0,input_vrs_inputs_bed_days_transfers_outputs_cases_complexity
114105,2021,91,12.68131868131868,1.9023054945054947,6.66628925687627,0.7361386653490831,input_vrs_inputs_bed_days_transfers_outputs_cases_complexity
115100,2021,83,12.385542168674698,1.889112048192771,6.556277157050262,0.6300148799697484,input_vrs_inputs_bed_days_transfers_outputs_cases_complexity
116100,2021,232,12.702586206896552,1.4031797413793106,9.052714939007062,0.7438018088313612,input_vrs_inputs_bed_days_transfers_outputs_cases_complexity
116105,2021,551,15.834845735027223,1.6274194192377496,9.730033664243692,0.7683937874792163,input_vrs_inputs_bed_days_transfers_outputs_cases_complexity
118100,2021,2225,10.595955056179776,2.1811798651685397,4.857900636892697,1.0,input_vrs_inputs_bed_days_transfers_outputs_cases_complexity
119100,2021,345,8.034782608695652,2.7180872463768115,2.956042937696703,0.9999999999999996,input_vrs_inputs_bed_days_transfers_outputs_cases_complexity
120101,2021,310,9.567741935483872,1.4417251612903226,6.636314737630634,1.0,input_vrs_inputs_bed_days_transfers_outputs_cases_complexity
121109,2021,362,29.306629834254142,3.5952842541436465,8.151408278908013,0.4219518199114423,input_vrs_inputs_bed_days_transfers_outputs_cases_complexity
121117,2021,46,18.67391304347826,1.1915695652173914,15.671693528083162,1.0,input_vrs_inputs_bed_days_transfers_outputs_cases_complexity
123100,2021,480,9.247916666666667,1.3501527083333333,6.849533841310852,0.9999999999999998,input_vrs_inputs_bed_days_transfers_outputs_cases_complexity
124105,2021,236,21.25423728813559,1.659178813559322,12.810094436138767,0.4235225104996835,input_vrs_inputs_bed_days_transfers_outputs_cases_complexity
125100,2021,13,3.076923076923077,1.7466615384615383,1.7616023535007446,1.0,input_vrs_inputs_bed_days_transfers_outputs_cases_complexity
126100,2021,239,17.426778242677823,1.4983251046025103,11.63083912106042,0.5313844228922135,input_vrs_inputs_bed_days_transfers_outputs_cases_complexity
129100,2021,48,10.1875,1.7791708333333334,5.725981906365559,0.6878760083285549,input_vrs_inputs_bed_days_transfers_outputs_cases_complexity
129106,2021,13,2.8461538461538463,1.1648615384615384,2.4433409054889323,1.0,input_vrs_inputs_bed_days_transfers_outputs_cases_complexity
101100,2022,335,9.361194029850747,1.273339104477612,7.3516897399386645,0.7844030155187109,input_vrs_inputs_bed_days_transfers_outputs_cases_complexity
102100,2022,190,17.473684210526315,1.5135089473684211,11.545147612710371,0.4010211234293635,input_vrs_inputs_bed_days_transfers_outputs_cases_complexity
103100,2022,236,15.98728813559322,3.3828656779661017,4.725960075720577,0.6061906136597449,input_vrs_inputs_bed_days_transfers_outputs_cases_complexity
105100,2022,262,22.267175572519083,1.6931164122137403,13.151591592810133,0.5654641191467851,input_vrs_inputs_bed_days_transfers_outputs_cases_complexity
105101,2022,132,10.272727272727273,1.6595469696969696,6.190079256752254,0.6660127469604699,input_vrs_inputs_bed_days_transfers_outputs_cases_complexity
105102,2022,70,17.185714285714287,1.5054228571428572,11.41587176265615,0.35429040767568687,input_vrs_inputs_bed_days_transfers_outputs_cases_complexity
106102,2022,514,14.587548638132295,1.595659727626459,9.142017176701732,0.5272114834972199,input_vrs_inputs_bed_days_transfers_outputs_cases_complexity
107100,2022,1480,14.593918918918918,2.6900879054054054,5.425071385062997,0.9018825722668403,input_vrs_inputs_bed_days_transfers_outputs_cases_complexity
107102,2022,153,27.03921568627451,1.4913830065359477,18.130296220203558,0.28386059688359155,input_vrs_inputs_bed_days_transfers_outputs_cases_complexity
109100,2022,644,15.26863354037267,1.5839754658385092,9.639438153980443,0.507310495514517,input_vrs_inputs_bed_days_transfers_outputs_cases_complexity
109101,2022,203,12.275862068965518,5.264802955665025,2.331684997964922,1.0,input_vrs_inputs_bed_days_transfers_outputs_cases_complexity
110100,2022,767,16.508474576271187,2.9083783572359843,5.676178457042375,0.7231632566609375,input_vrs_inputs_bed_days_transfers_outputs_cases_complexity
110120,2022,145,13.358620689655172,1.3515475862068966,9.883944025342085,0.5159566956352034,input_vrs_inputs_bed_days_transfers_outputs_cases_complexity
111100,2022,463,12.695464362850972,2.4183719222462203,5.249591366020836,1.0,input_vrs_inputs_bed_days_transfers_outputs_cases_complexity
111101,2022,466,18.71030042918455,2.0195,9.264818236783634,0.7905752609265428,input_vrs_inputs_bed_days_transfers_outputs_cases_complexity
111195,2022,10,9.6,2.01468,4.765024718565728,0.43636363636363634,input_vrs_inputs_bed_days_transfers_outputs_cases_complexity
112100,2022,548,7.195255474452555,1.3995052919708029,5.141284935278877,1.0,input_vrs_inputs_bed_days_transfers_outputs_cases_complexity
112102,2022,253,17.280632411067195,5.182187351778656,3.334621316833721,0.8571896568821581,input_vrs_inputs_bed_days_transfers_outputs_cases_complexity
112103,2022,898,13.211581291759465,3.570970601336303,3.699717182442085,0.999999999999999,input_vrs_inputs_bed_days_transfers_outputs_cases_complexity
113100,2022,511,14.75146771037182,1.5364068493150687,9.601276977480305,0.5075674845546817,input_vrs_inputs_bed_days_transfers_outputs_cases_complexity
114101,2022,495,12.262626262626263,3.4808513131313132,3.52288137570433,0.9999999999999956,input_vrs_inputs_bed_days_transfers_outputs_cases_complexity
114105,2022,38,14.236842105263158,2.1331026315789474,6.67424149897789,0.42617663858761157,input_vrs_inputs_bed_days_transfers_outputs_cases_complexity
115100,2022,75,17.533333333333335,1.9809973333333335,8.850760694276554,0.37638773359276206,input_vrs_inputs_bed_days_transfers_outputs_cases_complexity
116100,2022,255,16.274509803921568,1.4751211764705883,11.032659596725718,0.44796486584404277,input_vrs_inputs_bed_days_transfers_outputs_cases_complexity
116105,2022,709,12.355430183356841,1.5006413258110014,8.233433246735036,0.6231499857467913,input_vrs_inputs_bed_days_transfers_outputs_cases_complexity
118100,2022,2104,11.608365019011407,2.253952946768061,5.150225090393578,0.9999999999999987,input_vrs_inputs_bed_days_transfers_outputs_cases_complexity
119100,2022,666,10.587087087087086,2.5189384384384383,4.202995565723441,0.9532540556082985,input_vrs_inputs_bed_days_transfers_outputs_cases_complexity
121109,2022,598,27.91973244147157,3.603741973244147,7.747428270048362,0.5067124258380786,input_vrs_inputs_bed_days_transfers_outputs_cases_complexity
121110,2022,12,8.0,1.0050666666666668,7.959671000265321,1.0,input_vrs_inputs_bed_days_transfers_outputs_cases_complexity
121117,2022,46,17.891304347826086,1.1881913043478263,15.057595761186162,1.0,input_vrs_inputs_bed_days_transfers_outputs_cases_complexity
123100,2022,751,7.563249001331558,1.402682689747004,5.391988549238966,1.0,input_vrs_inputs_bed_days_transfers_outputs_cases_complexity
124105,2022,194,16.11340206185567,1.6773247422680413,9.606608461559736,0.4718253777616323,input_vrs_inputs_bed_days_transfers_outputs_cases_complexity
125100,2022,21,1.619047619047619,1.8261285714285715,0.8866011103375081,1.0,input_vrs_inputs_bed_days_transfers_outputs_cases_complexity
126100,2022,253,18.08695652173913,1.4045296442687747,12.877589729446791,0.3974999509326064,input_vrs_inputs_bed_days_transfers_outputs_cases_complexity
129100,2022,30,11.2,1.72116,6.507239303725394,0.3034626051109866,input_vrs_inputs_bed_days_transfers_outputs_cases_complexity
